"What is cloud computing?","Cloud computing is the on-demand delivery of compute power, database storage, applications, and other IT resources through a cloud services platform via the Internet with pay-as-you-go pricing."
"How does cloud computing simplify IT access?","Cloud computing provides a simple way to access servers, storage, databases, and a broad set of application services over the Internet."
"What key AWS concepts relate to cloud computing?","What is Cloud Computing? Cloud vs Legacy IT"
"Which articles provide additional information around basic computing concepts?","Cloud Computing Basics – Compute, Cloud Computing Basics – Storage, Cloud Computing Basics – Network, Cloud Computing Basics – Serverless"
"Who maintains the hardware for a cloud services platform?","A cloud services platform such as Amazon Web Services owns and maintains the network-connected hardware required for these application services."
"What are the 6 advantages of cloud?","Trade capital expense for variable expense, Benefit from massive economies of scale, Stop guessing about capacity, Increase speed and agility, Stop spending money running and maintaining data centers, Go global in minutes."
"How does trading capital expense for variable expense benefit users in cloud computing?","Instead of investing heavily in data centers and servers, you can pay only when you consume computing resources, and pay only for how much you consume."
"How do users benefit from massive economies of scale in cloud computing?","Usage from hundreds of thousands of customers is aggregated in the cloud, leading to higher economies of scale and lower pay-as-you-go prices."
"How does cloud computing impact infrastructure capacity decisions?","Eliminates guessing on infrastructure capacity needs. Users can access as much or as little capacity as needed and scale up and down with only a few minutes’ notice."
"What is the benefit of increased speed and agility in cloud computing?","New IT resources are only a click away, reducing the time to make resources available from weeks to minutes."
"What are the common types of cloud computing models?","Infrastructure as a service (IaaS), Platform as a service (PaaS), Software as a service (SaaS)."
"What is Infrastructure as a Service (IaaS)?","IaaS provides basic building blocks for cloud IT, offering access to networking features, computers, and data storage space. It offers high flexibility and management control over IT resources."
"What is Platform as a Service (PaaS)?","PaaS removes the need for organizations to manage underlying infrastructure, allowing focus on deployment and management of applications."
"What is Software as a Service (SaaS)?","SaaS provides a completed product run and managed by the service provider. It refers to end-user applications where users don't need to manage the service or its underlying infrastructure."
"What's an example of a SaaS application?","A common example is web-based email."
"What are the types of cloud deployment?","Public Cloud, Hybrid Cloud, and Private Cloud (on-premises)."
"What is Public Cloud?","A cloud-based application fully deployed in the cloud where all parts run in the cloud."
"What is a Hybrid deployment?","A way to connect infrastructure and applications between cloud-based resources and existing non-cloud resources."
"What is On-premises deployment?","Deployment of resources on-premises using virtualization and resource management tools, sometimes called the “private cloud”."
 