"What is Amazon SQS designed for?","Amazon SQS is designed as a message queuing service to enable decoupling of cloud applications."
"Which AWS service provides topics for high-throughput, push-based, many-to-many messaging?","Simple Notification Service (SNS)"
"How does AWS Step Functions help developers?","AWS Step Functions helps coordinate multiple AWS services into serverless workflows, allowing for quick app building and updates."
"What does the Simple Workflow Service (SWF) allow developers to do?","SWF allows developers to build applications that coordinate work across distributed components."
"Which AWS service is recommended for new applications, SWF or Step Functions?","Step Functions is recommended for new applications."
"What is the primary use of Amazon MQ?","Amazon MQ is used as a managed message broker service for Apache ActiveMQ and RabbitMQ."
"Why might one use Amazon MQ over other services?","To migrate on-premises messaging systems to the cloud without changing current applications."
"Which AWS service helps in setting up, operating, and sending notifications from the cloud?","Simple Notification Service (SNS)"
"How does Amazon SQS ensure data transmission without loss?","SQS can transmit any volume of data, at any level of throughput, without losing messages or requiring other services to be available."
"What is the main benefit of using AWS Application Integration Services?","They enable different software applications to work together seamlessly, whether they are on the cloud or on-premises."
